,Country,Year,Total Production,Exportable Production
0,Angola,1990/91,50.345,30.345
1,Bolivia,1990/91,122.777,97.777
2,Brazil,1990/91,27285.6286,19085.6286
3,Burundi,1990/91,487.39300000000003,485.39300000000003
4,Ecuador,1990/91,1503.815,1153.815
5,Indonesia,1990/91,7441.383000000001,6199.383000000001
6,Madagascar,1990/91,982.447,632.447
7,Malawi,1990/91,104.62799999999999,102.62799999999999
8,Papua New Guinea,1990/91,962.841,959.841
9,Paraguay,1990/91,130.627,115.62700000000001
10,Peru,1990/91,936.632,746.632
11,Rwanda,1990/91,534.875,533.875
12,Timor-Leste,1990/91,,0.0
13,Zimbabwe,1990/91,251.90099999999998,243.90099999999998
14,"Congo, Rep. of",1990/91,2.924,0.0
15,Cuba,1990/91,414.212,201.21200000000002
16,Dominican Republic,1990/91,880.062,560.062
17,Haiti,1990/91,392.88,172.88
18,Philippines,1990/91,973.632,253.632
19,Tanzania,1990/91,931.779,927.779
20,Zambia,1990/91,22.686,21.186
21,Benin,1990/91,0.0,0.0
22,Cameroon,1990/91,1682.484,1599.184
23,Central African Republic,1990/91,175.274,147.274
24,Colombia,1990/91,14268.386999999999,13033.386999999999
25,"Congo, Dem. Rep. of",1990/91,1580.296,1380.296
26,Costa Rica,1990/91,2561.885,2186.885
27,Côte d'Ivoire,1990/91,2940.363,2890.363
28,El Salvador,1990/91,2464.864,2284.864
29,Equatorial Guinea,1990/91,3.536,3.536
30,Ethiopia,1990/91,2909.4509999999996,1709.451
31,Gabon,1990/91,3.408,1.7080000000000002
32,Ghana,1990/91,37.855,20.855
33,Guatemala,1990/91,3270.5290000000005,2970.5290000000005
34,Guinea,1990/91,44.46,19.46
35,Guyana,1990/91,,0.0
36,Honduras,1990/91,1567.9579999999999,1379.8039999999999
37,India,1990/91,2828.687,1925.6870000000001
38,Jamaica,1990/91,22.574,15.574000000000002
39,Kenya,1990/91,1485.135,1435.135
40,"Lao, People's Dem. Rep. of",1990/91,,0.0
41,Liberia,1990/91,3.0,0.0
42,Mexico,1990/91,4674.245,3300.245
43,Nepal,1990/91,,0.0
44,Nicaragua,1990/91,461.07800000000003,427.07800000000003
45,Nigeria,1990/91,29.19,1.69
46,Panama,1990/91,214.987,151.987
47,Sierra Leone,1990/91,42.783,33.783
48,Sri Lanka,1990/91,95.87,29.203000000000003
49,Thailand,1990/91,757.0169999999999,569.0169999999999
50,Togo,1990/91,161.308,160.308
51,Trinidad & Tobago,1990/91,14.581,6.581
52,Uganda,1990/91,1955.009,1885.009
53,Venezuela,1990/91,1122.4769999999999,340.087
54,Vietnam,1990/91,1310.288,1160.288
55,Yemen,1990/91,,0.0
56,Angola,1991/92,79.331,49.331
57,Bolivia,1991/92,106.536,76.536
58,Brazil,1991/92,27293.4934,18793.4934
59,Burundi,1991/92,667.199,665.5989999999999
60,Ecuador,1991/92,2123.824,1773.8239999999998
61,Indonesia,1991/92,8493.196,7213.196
62,Madagascar,1991/92,932.513,632.513
63,Malawi,1991/92,124.286,122.286
64,Papua New Guinea,1991/92,746.816,743.816
65,Paraguay,1991/92,79.653,64.653
66,Peru,1991/92,1200.474,1010.4739999999999
67,Rwanda,1991/92,483.83,482.83
68,Timor-Leste,1991/92,,0.0
69,Zimbabwe,1991/92,201.394,193.394
70,"Congo, Rep. of",1991/92,3.003,336.0
71,Cuba,1991/92,302.097,89.09700000000001
72,Dominican Republic,1991/92,320.56,0.56
73,Haiti,1991/92,463.352,133.352
74,Philippines,1991/92,1018.482,268.482
75,Tanzania,1991/92,789.977,786.477
76,Zambia,1991/92,29.138,27.638
77,Benin,1991/92,0.0,0.0
78,Cameroon,1991/92,1725.9479999999999,1642.615
79,Central African Republic,1991/92,124.781,96.781
80,Colombia,1991/92,17814.866,16414.866
81,"Congo, Dem. Rep. of",1991/92,1229.902,1029.902
82,Costa Rica,1991/92,2759.619,2384.619
83,Côte d'Ivoire,1991/92,4129.295,4079.295
84,El Salvador,1991/92,2197.692,2017.692
85,Equatorial Guinea,1991/92,2.551,2.551
86,Ethiopia,1991/92,2924.664,1660.664
87,Gabon,1991/92,1.7519999999999998,752.0
88,Ghana,1991/92,76.306,59.306000000000004
89,Guatemala,1991/92,3496.531,3196.531
90,Guinea,1991/92,90.522,65.52199999999999
91,Guyana,1991/92,,0.0
92,Honduras,1991/92,2321.808,2064.708
93,India,1991/92,2999.7490000000003,2083.0820000000003
94,Jamaica,1991/92,38.986999999999995,27.987
95,Kenya,1991/92,1514.047,1464.047
96,"Lao, People's Dem. Rep. of",1991/92,,0.0
97,Liberia,1991/92,3.0,0.0
98,Mexico,1991/92,4727.206,3527.2059999999997
99,Nepal,1991/92,,0.0
100,Nicaragua,1991/92,707.067,569.067
101,Nigeria,1991/92,44.313,8.562999999999999
102,Panama,1991/92,192.532,125.53200000000001
103,Sierra Leone,1991/92,54.379,45.379
104,Sri Lanka,1991/92,81.54899999999999,14.549000000000001
105,Thailand,1991/92,1468.9360000000001,1248.9360000000001
106,Togo,1991/92,432.652,431.652
107,Trinidad & Tobago,1991/92,17.792,6.292000000000001
108,Uganda,1991/92,2088.001,2013.001
109,Venezuela,1991/92,940.704,125.22399999999999
110,Vietnam,1991/92,1437.848,1207.848
111,Yemen,1991/92,,0.0
112,Angola,1992/93,77.52,42.52
113,Bolivia,1992/93,122.735,92.735
114,Brazil,1992/93,34603.3542,25703.3542
115,Burundi,1992/93,620.238,618.538
116,Ecuador,1992/93,1185.48,835.48
117,Indonesia,1992/93,5569.478,4250.478
118,Madagascar,1992/93,1121.684,771.684
119,Malawi,1992/93,137.161,135.161
120,Papua New Guinea,1992/93,900.1110000000001,897.1110000000001
121,Paraguay,1992/93,54.291000000000004,39.291
122,Peru,1992/93,1761.953,1561.953
123,Rwanda,1992/93,638.875,637.875
124,Timor-Leste,1992/93,,0.0
125,Zimbabwe,1992/93,77.824,69.824
126,"Congo, Rep. of",1992/93,3.1710000000000003,504.0
127,Cuba,1992/93,284.237,89.23700000000001
128,Dominican Republic,1992/93,637.815,317.815
129,Haiti,1992/93,499.855,169.855
130,Philippines,1992/93,919.8510000000001,169.851
131,Tanzania,1992/93,786.434,767.2339999999999
132,Zambia,1992/93,29.307,27.875
133,Benin,1992/93,1.805,1.805
134,Cameroon,1992/93,260.376,177.043
135,Central African Republic,1992/93,133.845,105.845
136,Colombia,1992/93,15189.131000000001,13889.131000000001
137,"Congo, Dem. Rep. of",1992/93,1180.157,980.1569999999999
138,Costa Rica,1992/93,2997.974,2622.974
139,Côte d'Ivoire,1992/93,2245.536,2195.536
140,El Salvador,1992/93,3001.301,2771.301
141,Equatorial Guinea,1992/93,1.686,1.686
142,Ethiopia,1992/93,1825.171,494.171
143,Gabon,1992/93,3.063,2.263
144,Ghana,1992/93,36.602,19.602
145,Guatemala,1992/93,4318.483,4018.4829999999997
146,Guinea,1992/93,76.34100000000001,13.841
147,Guyana,1992/93,,0.0
148,Honduras,1992/93,1918.2089999999998,1678.2089999999998
149,India,1992/93,2823.4970000000003,1906.497
150,Jamaica,1992/93,25.583000000000002,19.583
151,Kenya,1992/93,1315.5479999999998,1265.548
152,"Lao, People's Dem. Rep. of",1992/93,,0.0
153,Liberia,1992/93,3.0,0.0
154,Mexico,1992/93,3400.8109999999997,2100.811
155,Nepal,1992/93,,0.0
156,Nicaragua,1992/93,547.294,481.694
157,Nigeria,1992/93,48.882,13.132
158,Panama,1992/93,196.97799999999998,129.97799999999998
159,Sierra Leone,1992/93,39.084,30.084
160,Sri Lanka,1992/93,53.181000000000004,25.180999999999997
161,Thailand,1992/93,1254.945,1021.945
162,Togo,1992/93,85.648,84.648
163,Trinidad & Tobago,1992/93,14.328,4.328
164,Uganda,1992/93,2185.074,2110.074
165,Venezuela,1992/93,1215.298,365.32800000000003
166,Vietnam,1992/93,2340.447,2090.447
167,Yemen,1992/93,,0.0
168,Angola,1993/94,32.608000000000004,12.607999999999999
169,Bolivia,1993/94,57.323,22.323
170,Brazil,1993/94,28166.9786,19066.9786
171,Burundi,1993/94,393.35400000000004,391.444
172,Ecuador,1993/94,2069.007,1719.007
173,Indonesia,1993/94,6743.2880000000005,5384.2880000000005
174,Madagascar,1993/94,441.85900000000004,81.859
175,Malawi,1993/94,62.111000000000004,60.111000000000004
176,Papua New Guinea,1993/94,1019.4810000000001,1017.4810000000001
177,Paraguay,1993/94,70.046,50.04600000000001
178,Peru,1993/94,665.497,465.49699999999996
179,Rwanda,1993/94,443.625,442.625
180,Timor-Leste,1993/94,,0.0
181,Zimbabwe,1993/94,11.6,3.267
182,"Congo, Rep. of",1993/94,3.0,0.0
183,Cuba,1993/94,285.404,91.304
184,Dominican Republic,1993/94,603.944,283.944
185,Haiti,1993/94,450.69699999999995,120.697
186,Philippines,1993/94,874.855,104.855
187,Tanzania,1993/94,734.375,716.875
188,Zambia,1993/94,26.605999999999998,25.605999999999998
189,Benin,1993/94,0.05,0.05
190,Cameroon,1993/94,682.913,582.913
191,Central African Republic,1993/94,165.574,140.57399999999998
192,Colombia,1993/94,10297.601999999999,8897.601999999999
193,"Congo, Dem. Rep. of",1993/94,980.2610000000001,780.2610000000001
194,Costa Rica,1993/94,2358.7529999999997,1983.753
195,Côte d'Ivoire,1993/94,2293.407,2243.407
196,El Salvador,1993/94,2378.482,2148.482
197,Equatorial Guinea,1993/94,0.0,0.0
198,Ethiopia,1993/94,2967.0040000000004,1565.004
199,Gabon,1993/94,2.884,2.084
200,Ghana,1993/94,45.381,28.381
201,Guatemala,1993/94,3535.5009999999997,3225.5009999999997
202,Guinea,1993/94,63.806000000000004,30.805999999999997
203,Guyana,1993/94,,
204,Honduras,1993/94,1829.1789999999999,1599.1789999999999
205,India,1993/94,3533.1809999999996,2699.848
206,Jamaica,1993/94,34.287,24.686999999999998
207,Kenya,1993/94,1328.112,1278.112
208,"Lao, People's Dem. Rep. of",1993/94,,
209,Liberia,1993/94,5.0,0.0
210,Mexico,1993/94,5023.488,3953.488
211,Nepal,1993/94,,
212,Nicaragua,1993/94,706.13,597.23
213,Nigeria,1993/94,45.318999999999996,5.319
214,Panama,1993/94,142.066,75.066
215,Sierra Leone,1993/94,37.451,32.451
216,Sri Lanka,1993/94,53.79,33.79
217,Thailand,1993/94,1275.201,1025.201
218,Togo,1993/94,194.93900000000002,193.93900000000002
219,Trinidad & Tobago,1993/94,16.079,6.079
220,Uganda,1993/94,3141.7059999999997,3066.7059999999997
221,Venezuela,1993/94,1332.881,446.95099999999996
222,Vietnam,1993/94,3020.216,2753.216
223,Yemen,1993/94,,0.0
224,Angola,1994/95,76.80199999999999,51.802
225,Bolivia,1994/95,122.444,87.444
226,Brazil,1994/95,28192.047000000002,18892.047
227,Burundi,1994/95,664.143,662.143
228,Ecuador,1994/95,2375.766,2025.766
229,Indonesia,1994/95,5367.878000000001,3967.8779999999997
230,Madagascar,1994/95,641.372,474.70599999999996
231,Malawi,1994/95,84.11200000000001,82.11200000000001
232,Papua New Guinea,1994/95,1138.6589999999999,1136.6589999999999
233,Paraguay,1994/95,24.689,4.689
234,Peru,1994/95,1178.628,978.628
235,Rwanda,1994/95,22.449,21.449
236,Timor-Leste,1994/95,,0.0
237,Zimbabwe,1994/95,106.302,97.969
238,"Congo, Rep. of",1994/95,7.585,4.585
239,Cuba,1994/95,284.315,90.315
240,Dominican Republic,1994/95,729.67,399.67
241,Haiti,1994/95,450.246,120.24600000000001
242,Philippines,1994/95,876.7639999999999,86.764
243,Tanzania,1994/95,679.0239999999999,661.5239999999999
244,Zambia,1994/95,21.455,19.955
245,Benin,1994/95,0.0,0.0
246,Cameroon,1994/95,405.55699999999996,305.557
247,Central African Republic,1994/95,249.512,234.512
248,Colombia,1994/95,12862.47,11487.47
249,"Congo, Dem. Rep. of",1994/95,1297.805,1097.805
250,Costa Rica,1994/95,2481.942,2106.942
251,Côte d'Ivoire,1994/95,3006.4440000000004,2956.4440000000004
252,El Salvador,1994/95,2293.468,2063.468
253,Equatorial Guinea,1994/95,3.193,3.193
254,Ethiopia,1994/95,2762.73,1286.73
255,Gabon,1994/95,7.7010000000000005,6.7010000000000005
256,Ghana,1994/95,57.176,29.176
257,Guatemala,1994/95,3787.336,3477.336
258,Guinea,1994/95,198.357,148.357
259,Guyana,1994/95,,
260,Honduras,1994/95,2180.73,1927.73
261,India,1994/95,3001.897,2168.564
262,Jamaica,1994/95,44.598,29.598000000000003
263,Kenya,1994/95,1663.131,1613.131
264,"Lao, People's Dem. Rep. of",1994/95,,
265,Liberia,1994/95,5.0,0.0
266,Mexico,1994/95,4158.777,3138.777
267,Nepal,1994/95,,
268,Nicaragua,1994/95,682.9689999999999,593.369
269,Nigeria,1994/95,51.631,11.630999999999998
270,Panama,1994/95,248.313,171.646
271,Sierra Leone,1994/95,72.738,67.738
272,Sri Lanka,1994/95,42.448,22.448
273,Thailand,1994/95,1399.135,1116.135
274,Togo,1994/95,176.296,175.296
275,Trinidad & Tobago,1994/95,18.435,4.435
276,Uganda,1994/95,2392.7529999999997,2312.7529999999997
277,Venezuela,1994/95,988.9960000000001,65.596
278,Vietnam,1994/95,3631.6090000000004,3364.6090000000004
279,Yemen,1994/95,,0.0
280,Angola,1995/96,62.108999999999995,52.108999999999995
281,Bolivia,1995/96,151.985,111.985
282,Brazil,1995/96,18060.2022,7960.2022
283,Burundi,1995/96,433.98,431.98
284,Ecuador,1995/96,1888.233,1538.233
285,Indonesia,1995/96,4573.429,3130.429
286,Madagascar,1995/96,785.0089999999999,618.009
287,Malawi,1995/96,91.235,89.235
288,Papua New Guinea,1995/96,1002.363,1000.363
289,Paraguay,1995/96,22.843000000000004,2.843
290,Peru,1995/96,1870.9389999999999,1670.9389999999999
291,Rwanda,1995/96,329.07800000000003,328.07800000000003
292,Timor-Leste,1995/96,,0.0
293,Zimbabwe,1995/96,130.644,124.044
294,"Congo, Rep. of",1995/96,11.755,8.755
295,Cuba,1995/96,284.955,90.955
296,Dominican Republic,1995/96,885.625,535.625
297,Haiti,1995/96,513.945,183.945
298,Philippines,1995/96,849.59,39.59
299,Tanzania,1995/96,897.1210000000001,883.5210000000001
300,Zambia,1995/96,26.333000000000002,25.733
301,Benin,1995/96,0.0,0.0
302,Cameroon,1995/96,660.04,560.04
303,Central African Republic,1995/96,108.065,98.065
304,Colombia,1995/96,12962.561000000002,11462.561000000002
305,"Congo, Dem. Rep. of",1995/96,1098.155,898.155
306,Costa Rica,1995/96,2843.5959999999995,2468.596
307,Côte d'Ivoire,1995/96,2531.864,2481.864
308,El Salvador,1995/96,2585.179,2315.179
309,Equatorial Guinea,1995/96,1.807,1.807
310,Ethiopia,1995/96,3165.322,1610.3220000000001
311,Gabon,1995/96,1.768,968.0
312,Ghana,1995/96,56.528,28.528000000000002
313,Guatemala,1995/96,4001.6040000000003,3691.6040000000003
314,Guinea,1995/96,104.164,54.163999999999994
315,Guyana,1995/96,,0.0
316,Honduras,1995/96,1909.2379999999998,1748.2379999999998
317,India,1995/96,3716.9990000000003,2883.6659999999997
318,Jamaica,1995/96,43.083999999999996,28.084
319,Kenya,1995/96,1664.234,1614.234
320,"Lao, People's Dem. Rep. of",1995/96,,0.0
321,Liberia,1995/96,5.0,0.0
322,Mexico,1995/96,5299.888000000001,4120.888
323,Nepal,1995/96,,0.0
324,Nicaragua,1995/96,984.676,873.176
325,Nigeria,1995/96,53.038000000000004,13.038
326,Panama,1995/96,209.44799999999998,132.781
327,Sierra Leone,1995/96,43.768,35.768
328,Sri Lanka,1995/96,35.595,15.595
329,Thailand,1995/96,1317.226,900.2260000000001
330,Togo,1995/96,84.40100000000001,83.40100000000001
331,Trinidad & Tobago,1995/96,17.629,3.6289999999999996
332,Uganda,1995/96,3243.5840000000003,3163.5840000000003
333,Venezuela,1995/96,1466.5539999999999,504.094
334,Vietnam,1995/96,3970.086,3688.241
335,Yemen,1995/96,,0.0
336,Angola,1996/97,70.925,50.925
337,Bolivia,1996/97,133.079,93.079
338,Brazil,1996/97,29196.743,18196.743000000002
339,Burundi,1996/97,400.969,398.969
340,Ecuador,1996/97,1992.914,1692.914
341,Indonesia,1996/97,8220.584,6734.584
342,Madagascar,1996/97,849.008,682.008
343,Malawi,1996/97,48.65,46.65
344,Papua New Guinea,1996/97,1089.348,1087.348
345,Paraguay,1996/97,25.563000000000002,5.563
346,Peru,1996/97,1805.861,1605.861
347,Rwanda,1996/97,293.003,292.003
348,Timor-Leste,1996/97,,0.0
349,Zimbabwe,1996/97,174.393,170.393
350,"Congo, Rep. of",1996/97,13.86,10.86
351,Cuba,1996/97,365.865,176.865
352,Dominican Republic,1996/97,518.8480000000001,193.84799999999998
353,Haiti,1996/97,428.38699999999994,98.387
354,Philippines,1996/97,889.819,58.818999999999996
355,Tanzania,1996/97,763.94,747.34
356,Zambia,1996/97,33.025,32.025
357,Benin,1996/97,0.0,0.0
358,Cameroon,1996/97,1432.1889999999999,1332.1889999999999
359,Central African Republic,1996/97,207.831,197.831
360,Colombia,1996/97,10719.063,9119.063
361,"Congo, Dem. Rep. of",1996/97,794.577,594.577
362,Costa Rica,1996/97,2221.915,1846.915
363,Côte d'Ivoire,1996/97,4858.592000000001,4808.592000000001
364,El Salvador,1996/97,2533.5679999999998,2303.5679999999998
365,Equatorial Guinea,1996/97,1.12,1.12
366,Ethiopia,1996/97,3407.442,1770.442
367,Gabon,1996/97,1.2790000000000001,446.0
368,Ghana,1996/97,32.425,29.425
369,Guatemala,1996/97,4524.556,4224.556
370,Guinea,1996/97,147.638,97.63799999999999
371,Guyana,1996/97,,0.0
372,Honduras,1996/97,2004.388,1836.464
373,India,1996/97,3417.454,2584.121
374,Jamaica,1996/97,53.864,35.864000000000004
375,Kenya,1996/97,1246.753,1196.753
376,"Lao, People's Dem. Rep. of",1996/97,,0.0
377,Liberia,1996/97,5.0,0.0
378,Mexico,1996/97,5109.5509999999995,3874.551
379,Nepal,1996/97,,0.0
380,Nicaragua,1996/97,793.305,697.935
381,Nigeria,1996/97,45.975,5.975
382,Panama,1996/97,210.74200000000002,134.075
383,Sierra Leone,1996/97,40.91,32.91
384,Sri Lanka,1996/97,36.999,16.999000000000002
385,Thailand,1996/97,1403.5810000000001,1070.5810000000001
386,Togo,1996/97,290.586,289.586
387,Trinidad & Tobago,1996/97,18.188,4.188
388,Uganda,1996/97,3418.724,3338.724
389,Venezuela,1996/97,1206.162,202.982
390,Vietnam,1996/97,5752.481,5454.965
391,Yemen,1996/97,,0.0
392,Angola,1997/98,64.33,24.33
393,Bolivia,1997/98,153.219,108.219
394,Brazil,1997/98,26148.004,14648.003999999999
395,Burundi,1997/98,249.785,247.785
396,Ecuador,1997/98,1190.663,890.663
397,Indonesia,1997/98,7620.778,6088.778
398,Madagascar,1997/98,623.804,456.80400000000003
399,Malawi,1997/98,60.82,58.82
400,Papua New Guinea,1997/98,1074.021,1072.021
401,Paraguay,1997/98,23.379,3.3789999999999996
402,Peru,1997/98,1929.9589999999998,1729.9589999999998
403,Rwanda,1997/98,193.422,190.422
404,Timor-Leste,1997/98,,0.0
405,Zimbabwe,1997/98,130.19299999999998,126.193
406,"Congo, Rep. of",1997/98,3.27,0.27
407,Cuba,1997/98,300.02099999999996,105.021
408,Dominican Republic,1997/98,941.242,616.242
409,Haiti,1997/98,431.81800000000004,101.818
410,Philippines,1997/98,935.472,82.47200000000001
411,Tanzania,1997/98,623.78,606.78
412,Zambia,1997/98,38.461999999999996,37.861999999999995
413,Benin,1997/98,0.0,0.0
414,Cameroon,1997/98,888.942,788.942
415,Central African Republic,1997/98,114.354,104.354
416,Colombia,1997/98,12219.455,10619.455
417,"Congo, Dem. Rep. of",1997/98,811.217,611.217
418,Costa Rica,1997/98,2616.6,2241.6
419,Côte d'Ivoire,1997/98,4164.004,4114.004
420,El Salvador,1997/98,2174.8089999999997,1983.142
421,Equatorial Guinea,1997/98,1.669,1.669
422,Ethiopia,1997/98,3056.864,1332.864
423,Gabon,1997/98,2.668,1.868
424,Ghana,1997/98,27.275,24.275
425,Guatemala,1997/98,4219.373,3919.373
426,Guinea,1997/98,171.71099999999998,121.711
427,Guyana,1997/98,,0.0
428,Honduras,1997/98,2564.405,2403.405
429,India,1997/98,3805.0890000000004,2971.756
430,Jamaica,1997/98,47.025,27.025
431,Kenya,1997/98,881.965,831.965
432,"Lao, People's Dem. Rep. of",1997/98,,0.0
433,Liberia,1997/98,5.0,0.0
434,Mexico,1997/98,4801.561,3600.5609999999997
435,Nepal,1997/98,,0.0
436,Nicaragua,1997/98,1083.5230000000001,960.523
437,Nigeria,1997/98,44.667,4.667
438,Panama,1997/98,217.46900000000002,136.85399999999998
439,Sierra Leone,1997/98,49.678999999999995,44.678999999999995
440,Sri Lanka,1997/98,57.583999999999996,37.584
441,Thailand,1997/98,1293.076,903.076
442,Togo,1997/98,221.078,220.078
443,Trinidad & Tobago,1997/98,19.392,5.392
444,Uganda,1997/98,3439.868,3338.678
445,Venezuela,1997/98,951.285,0.0
446,Vietnam,1997/98,6978.941999999999,6664.884
447,Yemen,1997/98,,0.0
448,Angola,1998/99,85.344,55.343999999999994
449,Bolivia,1998/99,149.985,104.985
450,Brazil,1998/99,36760.8533,24560.8533
451,Burundi,1998/99,491.99199999999996,489.99199999999996
452,Ecuador,1998/99,1205.968,905.9680000000001
453,Indonesia,1998/99,7295.955,5717.955
454,Madagascar,1998/99,991.799,824.799
455,Malawi,1998/99,64.321,62.321000000000005
456,Papua New Guinea,1998/99,1352.149,1351.149
457,Paraguay,1998/99,58.347,38.347
458,Peru,1998/99,2102.298,1902.2979999999998
459,Rwanda,1998/99,222.637,219.637
460,Timor-Leste,1998/99,,0.0
461,Zimbabwe,1998/99,149.45,145.45
462,"Congo, Rep. of",1998/99,3.0,0.0
463,Cuba,1998/99,279.953,79.953
464,Dominican Republic,1998/99,486.592,161.592
465,Haiti,1998/99,439.24699999999996,109.24700000000001
466,Philippines,1998/99,676.7289999999999,0.0
467,Tanzania,1998/99,739.312,722.312
468,Zambia,1998/99,61.68600000000001,61.086000000000006
469,Benin,1998/99,0.0,0.0
470,Cameroon,1998/99,1113.94,1013.94
471,Central African Republic,1998/99,214.582,195.582
472,Colombia,1998/99,10979.094,9379.094000000001
473,"Congo, Dem. Rep. of",1998/99,738.0830000000001,538.0830000000001
474,Costa Rica,1998/99,2445.12,2070.12
475,Côte d'Ivoire,1998/99,1991.547,1941.547
476,El Salvador,1998/99,2054.6279999999997,1862.961
477,Equatorial Guinea,1998/99,1.036,1.036
478,Ethiopia,1998/99,2927.725,1111.725
479,Gabon,1998/99,3.765,2.965
480,Ghana,1998/99,54.43600000000001,53.43600000000001
481,Guatemala,1998/99,4892.964,4592.964
482,Guinea,1998/99,421.26599999999996,371.26599999999996
483,Guyana,1998/99,5.9811,1.1141
484,Honduras,1998/99,2195.145,2057.145
485,India,1998/99,4416.768,3583.768
486,Jamaica,1998/99,29.083000000000002,14.283
487,Kenya,1998/99,1172.882,1122.882
488,"Lao, People's Dem. Rep. of",1998/99,171.424,171.424
489,Liberia,1998/99,17.779,12.779000000000002
490,Mexico,1998/99,4801.348,3693.348
491,Nepal,1998/99,,0.0
492,Nicaragua,1998/99,1073.08,946.58
493,Nigeria,1998/99,53.405,13.405
494,Panama,1998/99,191.99599999999998,124.99600000000001
495,Sierra Leone,1998/99,26.881999999999998,21.881999999999998
496,Sri Lanka,1998/99,45.738,15.738
497,Thailand,1998/99,915.9860000000001,482.986
498,Togo,1998/99,321.486,319.486
499,Trinidad & Tobago,1998/99,17.018,3.0180000000000002
500,Uganda,1998/99,3385.8390000000004,3269.8390000000004
501,Venezuela,1998/99,1597.279,507.439
502,Vietnam,1998/99,7051.722,6720.203
503,Yemen,1998/99,68.7007,68.7007
504,Angola,1999/00,54.93899999999999,34.939
505,Bolivia,1999/00,183.702,123.70200000000001
506,Brazil,1999/00,47577.8065,34877.8065
507,Burundi,1999/00,350.55,348.55
508,Ecuador,1999/00,1197.6832,967.6832
509,Indonesia,1999/00,6557.0662,4931.0662
510,Madagascar,1999/00,427.31699999999995,371.31699999999995
511,Malawi,1999/00,59.0,58.0
512,Papua New Guinea,1999/00,1387.0519,1385.0519
513,Paraguay,1999/00,20.241,241.0
514,Peru,1999/00,2743.533,2543.533
515,Rwanda,1999/00,307.275,305.275
516,Timor-Leste,1999/00,,0.0
517,Zimbabwe,1999/00,125.4843,121.4843
518,"Congo, Rep. of",1999/00,3.0,0.0
519,Cuba,1999/00,327.9874,127.9874
520,Dominican Republic,1999/00,606.879,281.879
521,Haiti,1999/00,399.027,59.027
522,Philippines,1999/00,621.7634,0.0
523,Tanzania,1999/00,842.2181,828.2181
524,Zambia,1999/00,58.725,58.125
525,Benin,1999/00,0.0,0.0
526,Cameroon,1999/00,1369.8239999999998,1269.8239999999998
527,Central African Republic,1999/00,240.68200000000002,219.68200000000002
528,Colombia,1999/00,9678.7709,8278.7709
529,"Congo, Dem. Rep. of",1999/00,477.154,277.154
530,Costa Rica,1999/00,2485.33,2110.33
531,Côte d'Ivoire,1999/00,6320.4388,6270.4388
532,El Salvador,1999/00,2598.1449,2444.8449
533,Equatorial Guinea,1999/00,179.0,179.0
534,Ethiopia,1999/00,3784.051,1872.0510000000002
535,Gabon,1999/00,2.057,1.3419999999999999
536,Ghana,1999/00,88.9011,87.9011
537,Guatemala,1999/00,5120.1288,4820.1288
538,Guinea,1999/00,363.707,313.707
539,Guyana,1999/00,5.0876,0.7376
540,Honduras,1999/00,2985.005,2817.005
541,India,1999/00,4866.5892,3949.5892
542,Jamaica,1999/00,37.9705,26.9705
543,Kenya,1999/00,1501.891,1451.891
544,"Lao, People's Dem. Rep. of",1999/00,238.77200000000002,238.77200000000002
545,Liberia,1999/00,12.163,7.162999999999999
546,Mexico,1999/00,6218.6765,5068.6765
547,Nepal,1999/00,,0.0
548,Nicaragua,1999/00,1554.0548,1423.7548
549,Nigeria,1999/00,45.067,5.067
550,Panama,1999/00,166.38099999999997,99.381
551,Sierra Leone,1999/00,59.02,54.02
552,Sri Lanka,1999/00,31.715999999999998,1.716
553,Thailand,1999/00,1272.8378,839.8378
554,Togo,1999/00,262.808,260.808
555,Trinidad & Tobago,1999/00,16.89,2.89
556,Uganda,1999/00,2862.447,2743.447
557,Venezuela,1999/00,1366.835,230.895
558,Vietnam,1999/00,11630.9138,11280.9138
559,Yemen,1999/00,60.57899999999999,60.57899999999999
560,Angola,2000/01,49.785,29.785
561,Bolivia,2000/01,172.604,112.604
562,Brazil,2000/01,31310.353,18110.353
563,Burundi,2000/01,487.46,485.46
564,Ecuador,2000/01,853.817,653.817
565,Indonesia,2000/01,6987.2397,5311.2397
566,Madagascar,2000/01,362.1618,273.0618
567,Malawi,2000/01,63.138000000000005,62.138000000000005
568,Papua New Guinea,2000/01,1040.7392,1038.7392
569,Paraguay,2000/01,42.402,22.401999999999997
570,Peru,2000/01,2675.593,2475.593
571,Rwanda,2000/01,273.363,271.363
572,Timor-Leste,2000/01,7.1279,7.1279
573,Zimbabwe,2000/01,108.523,104.523
574,"Congo, Rep. of",2000/01,3.0,0.0
575,Cuba,2000/01,312.4345,99.4345
576,Dominican Republic,2000/01,467.038,142.03799999999998
577,Haiti,2000/01,419.85,79.85
578,Philippines,2000/01,340.9218,0.0
579,Tanzania,2000/01,808.8714,793.8714
580,Zambia,2000/01,93.374,92.774
581,Benin,2000/01,0.0,0.0
582,Cameroon,2000/01,1113.143,1038.143
583,Central African Republic,2000/01,113.31299999999999,110.31299999999999
584,Colombia,2000/01,10399.886999999999,8999.886999999999
585,"Congo, Dem. Rep. of",2000/01,362.535,162.535
586,Costa Rica,2000/01,2418.536,2043.536
587,Côte d'Ivoire,2000/01,4845.585999999999,4528.919
588,El Salvador,2000/01,1704.4498,1560.4498
589,Equatorial Guinea,2000/01,0.0,0.0
590,Ethiopia,2000/01,3115.1490000000003,1101.149
591,Gabon,2000/01,0.0,0.0
592,Ghana,2000/01,76.456,75.456
593,Guatemala,2000/01,4939.753,4639.753
594,Guinea,2000/01,399.99199999999996,349.99199999999996
595,Guyana,2000/01,2.8718,0.9888
596,Honduras,2000/01,2666.658,2436.658
597,India,2000/01,5019.7666,4019.7666
598,Jamaica,2000/01,36.8774,24.8104
599,Kenya,2000/01,1001.8641,951.8641
600,"Lao, People's Dem. Rep. of",2000/01,212.185,212.185
601,Liberia,2000/01,12.305,7.305
602,Mexico,2000/01,4814.9789,3509.9789
603,Nepal,2000/01,,
604,Nicaragua,2000/01,1572.4326,1397.5026
605,Nigeria,2000/01,49.431000000000004,9.431000000000001
606,Panama,2000/01,170.226,103.226
607,Sierra Leone,2000/01,49.155,44.155
608,Sri Lanka,2000/01,33.28,3.28
609,Thailand,2000/01,1692.2342,1192.2342
610,Togo,2000/01,197.40099999999998,195.40099999999998
611,Trinidad & Tobago,2000/01,16.393,2.3930000000000002
612,Uganda,2000/01,3400.683,3258.683
613,Venezuela,2000/01,1449.924,265.934
614,Vietnam,2000/01,14841.309,14439.684
615,Yemen,2000/01,63.93600000000001,63.93600000000001
616,Angola,2001/02,20.69,0.69
617,Bolivia,2001/02,117.516,57.516000000000005
618,Brazil,2001/02,31365.0955,17775.0955
619,Burundi,2001/02,143.982,141.982
620,Ecuador,2001/02,792.847,592.847
621,Indonesia,2001/02,6833.356,4833.356
622,Madagascar,2001/02,147.236,19.236
623,Malawi,2001/02,60.39,59.39
624,Papua New Guinea,2001/02,1062.593,1060.593
625,Paraguay,2001/02,19.6,0.0
626,Peru,2001/02,2828.946,2628.946
627,Rwanda,2001/02,295.51,293.51
628,Timor-Leste,2001/02,32.8539,32.8539
629,Zimbabwe,2001/02,121.042,117.042
630,"Congo, Rep. of",2001/02,3.0,0.0
631,Cuba,2001/02,284.974,64.97399999999999
632,Dominican Republic,2001/02,386.958,46.76
633,Haiti,2001/02,402.64,62.64
634,Philippines,2001/02,262.682,0.0
635,Tanzania,2001/02,624.089,609.089
636,Zambia,2001/02,99.67200000000001,99.072
637,Benin,2001/02,0.0,0.0
638,Cameroon,2001/02,685.677,616.677
639,Central African Republic,2001/02,68.172,65.172
640,Colombia,2001/02,11962.441,10562.441
641,"Congo, Dem. Rep. of",2001/02,423.184,223.18400000000003
642,Costa Rica,2001/02,2246.7,1871.7
643,Côte d'Ivoire,2001/02,3596.116,3279.449
644,El Salvador,2001/02,1693.9660000000001,1540.6660000000002
645,Equatorial Guinea,2001/02,0.0,0.0
646,Ethiopia,2001/02,4044.24,1923.24
647,Gabon,2001/02,822.0,522.0
648,Ghana,2001/02,7.285,6.285
649,Guatemala,2001/02,3668.96,3368.96
650,Guinea,2001/02,235.979,185.979
651,Guyana,2001/02,5.2563,1.0893
652,Honduras,2001/02,3036.252,2836.252
653,India,2001/02,5010.313,3943.313
654,Jamaica,2001/02,30.775,20.775
655,Kenya,2001/02,990.5310000000001,940.5310000000001
656,"Lao, People's Dem. Rep. of",2001/02,258.1452,258.1452
657,Liberia,2001/02,11.833,6.832999999999999
658,Mexico,2001/02,4438.404,2938.4040000000005
659,Nepal,2001/02,,
660,Nicaragua,2001/02,1078.752,901.429
661,Nigeria,2001/02,44.003,4.003
662,Panama,2001/02,159.939,92.939
663,Sierra Leone,2001/02,79.2,74.2
664,Sri Lanka,2001/02,31.531,1.531
665,Thailand,2001/02,714.5,214.5
666,Togo,2001/02,112.01799999999999,110.01799999999999
667,Trinidad & Tobago,2001/02,16.165,2.165
668,Uganda,2001/02,3157.777,3016.777
669,Venezuela,2001/02,1264.613,30.543000000000003
670,Vietnam,2001/02,13093.243999999999,12632.378999999999
671,Yemen,2001/02,62.2185,62.2185
672,Angola,2002/03,56.64,36.64
673,Bolivia,2002/03,149.168,89.16799999999999
674,Brazil,2002/03,48351.634000000005,34601.634
675,Burundi,2002/03,453.73199999999997,451.73199999999997
676,Ecuador,2002/03,582.224,432.224
677,Indonesia,2002/03,6731.376,4952.376
678,Madagascar,2002/03,445.455,228.455
679,Malawi,2002/03,42.464,41.464
680,Papua New Guinea,2002/03,1085.147,1083.147
681,Paraguay,2002/03,26.0485,6.0485
682,Peru,2002/03,3000.32,2780.32
683,Rwanda,2002/03,319.68,319.347
684,Timor-Leste,2002/03,36.8093,36.8093
685,Zimbabwe,2002/03,110.12100000000001,106.12100000000001
686,"Congo, Rep. of",2002/03,3.0,0.0
687,Cuba,2002/03,239.105,15.105
688,Dominican Republic,2002/03,455.19800000000004,115.0
689,Haiti,2002/03,373.945,33.945
690,Philippines,2002/03,255.21,0.0
691,Tanzania,2002/03,823.6089999999999,808.6089999999999
692,Zambia,2002/03,118.927,118.32700000000001
693,Benin,2002/03,0.0,0.0
694,Cameroon,2002/03,800.795,731.795
695,Central African Republic,2002/03,92.094,88.307
696,Colombia,2002/03,11735.253,10335.253
697,"Congo, Dem. Rep. of",2002/03,337.87300000000005,137.873
698,Costa Rica,2002/03,2043.4129999999998,1668.4129999999998
699,Côte d'Ivoire,2002/03,3009.64,2692.973
700,El Salvador,2002/03,1361.376,1208.076
701,Equatorial Guinea,2002/03,0.0,0.0
702,Ethiopia,2002/03,4093.902,1859.902
703,Gabon,2002/03,1.25,0.95
704,Ghana,2002/03,33.6323,32.6323
705,Guatemala,2002/03,4069.953,3769.953
706,Guinea,2002/03,328.22900000000004,278.22900000000004
707,Guyana,2002/03,5.2013,0.8513
708,Honduras,2002/03,2495.886,2295.886
709,India,2002/03,4587.889,3454.889
710,Jamaica,2002/03,37.123000000000005,28.123
711,Kenya,2002/03,945.4019999999999,895.4019999999999
712,"Lao, People's Dem. Rep. of",2002/03,402.0043,244.0043
713,Liberia,2002/03,12.482000000000001,7.482
714,Mexico,2002/03,4351.4259999999995,2851.426
715,Nepal,2002/03,,
716,Nicaragua,2002/03,1170.017,990.393
717,Nigeria,2002/03,49.815,9.815
718,Panama,2002/03,139.96200000000002,72.962
719,Sierra Leone,2002/03,41.7289,36.7289
720,Sri Lanka,2002/03,34.3807,4.3807
721,Thailand,2002/03,731.9,231.9
722,Togo,2002/03,68.205,66.205
723,Trinidad & Tobago,2002/03,16.5524,2.5524
724,Uganda,2002/03,2890.058,2750.058
725,Venezuela,2002/03,1483.5896,197.3196
726,Vietnam,2002/03,11573.935,11055.093
727,Yemen,2002/03,56.7446,56.7446
728,Angola,2003/04,38.013000000000005,23.013
729,Bolivia,2003/04,124.823,64.82300000000001
730,Brazil,2003/04,28873.4093,14673.4093
731,Burundi,2003/04,337.858,335.858
732,Ecuador,2003/04,640.79,490.79
733,Indonesia,2003/04,6404.076,4571.076
734,Madagascar,2003/04,434.658,101.65799999999999
735,Malawi,2003/04,48.155,47.155
736,Papua New Guinea,2003/04,1154.944,1152.944
737,Paraguay,2003/04,51.7261,31.7261
738,Peru,2003/04,2685.986,2465.986
739,Rwanda,2003/04,265.742,265.409
740,Timor-Leste,2003/04,41.8233,41.8233
741,Zimbabwe,2003/04,91.649,87.649
742,"Congo, Rep. of",2003/04,3.0,0.0
743,Cuba,2003/04,223.507,0.0
744,Dominican Republic,2003/04,350.673,10.673
745,Haiti,2003/04,373.842,33.842
746,Philippines,2003/04,292.691,0.0
747,Tanzania,2003/04,611.734,584.734
748,Zambia,2003/04,100.333,99.73299999999999
749,Benin,2003/04,0.0,0.0
750,Cameroon,2003/04,900.2819999999999,831.2819999999999
751,Central African Republic,2003/04,42.73,38.943000000000005
752,Colombia,2003/04,11230.157,9830.157
753,"Congo, Dem. Rep. of",2003/04,451.06,251.06
754,Costa Rica,2003/04,1886.432,1511.432
755,Côte d'Ivoire,2003/04,2981.252,2664.585
756,El Salvador,2003/04,1380.0970000000002,1226.797
757,Equatorial Guinea,2003/04,0.0,0.0
758,Ethiopia,2003/04,4393.717000000001,2040.717
759,Gabon,2003/04,0.3,0.0
760,Ghana,2003/04,18.1419,17.1419
761,Guatemala,2003/04,3609.9309999999996,3309.9309999999996
762,Guinea,2003/04,365.529,315.529
763,Guyana,2003/04,5.4252,0.6752
764,Honduras,2003/04,2967.865,2767.865
765,India,2003/04,4508.272,3341.272
766,Jamaica,2003/04,37.4471,28.4471
767,Kenya,2003/04,673.422,623.422
768,"Lao, People's Dem. Rep. of",2003/04,361.4625,258.4625
769,Liberia,2003/04,5.08,0.08
770,Mexico,2003/04,4201.0193,2701.0193
771,Nepal,2003/04,0.9,0.9
772,Nicaragua,2003/04,1509.098,1327.183
773,Nigeria,2003/04,46.1504,6.1504
774,Panama,2003/04,172.062,105.06200000000001
775,Sierra Leone,2003/04,35.5163,30.5163
776,Sri Lanka,2003/04,36.8942,6.8942
777,Thailand,2003/04,826.567,326.567
778,Togo,2003/04,143.792,141.792
779,Trinidad & Tobago,2003/04,16.0967,2.0967
780,Uganda,2003/04,2598.532,2467.532
781,Venezuela,2003/04,1420.5247,79.8447
782,Vietnam,2003/04,15337.351999999999,14730.506000000001
783,Yemen,2003/04,193.3027,47.3027
784,Angola,2004/05,14.77,0.0
785,Bolivia,2004/05,169.8071,109.8071
786,Brazil,2004/05,39281.1457,24335.1457
787,Burundi,2004/05,437.036,435.036
788,Ecuador,2004/05,780.435,630.435
789,Indonesia,2004/05,7536.371,5536.371
790,Madagascar,2004/05,521.66,54.66
791,Malawi,2004/05,20.615,19.615
792,Papua New Guinea,2004/05,997.5139999999999,995.5139999999999
793,Paraguay,2004/05,26.2389,6.2389
794,Peru,2004/05,3425.1559,3205.1559
795,Rwanda,2004/05,449.733,448.733
796,Timor-Leste,2004/05,16.5932,16.5932
797,Zimbabwe,2004/05,120.3133,116.3133
798,"Congo, Rep. of",2004/05,3.0,0.0
799,Cuba,2004/05,179.984,0.0
800,Dominican Republic,2004/05,490.67900000000003,112.681
801,Haiti,2004/05,365.211,25.211
802,Philippines,2004/05,354.81300000000005,0.0
803,Tanzania,2004/05,763.182,726.182
804,Zambia,2004/05,110.37700000000001,109.777
805,Benin,2004/05,0.0,0.0
806,Cameroon,2004/05,727.382,658.382
807,Central African Republic,2004/05,28.715,25.715
808,Colombia,2004/05,11572.523000000001,10172.523000000001
809,"Congo, Dem. Rep. of",2004/05,359.754,159.754
810,Costa Rica,2004/05,1875.8399,1500.8399
811,Côte d'Ivoire,2004/05,2135.5998,1818.9328
812,El Salvador,2004/05,1196.873,1024.373
813,Equatorial Guinea,2004/05,0.0,0.0
814,Ethiopia,2004/05,5212.951,2734.9509999999996
815,Gabon,2004/05,0.3,0.0
816,Ghana,2004/05,18.1139,16.5239
817,Guatemala,2004/05,3703.026,3403.026
818,Guinea,2004/05,316.116,266.116
819,Guyana,2004/05,6.0561,0.5561
820,Honduras,2004/05,2575.144,2345.144
821,India,2004/05,4592.0102,3342.0102
822,Jamaica,2004/05,21.3066,12.3066
823,Kenya,2004/05,735.5830000000001,685.5830000000001
824,"Lao, People's Dem. Rep. of",2004/05,379.4417,244.4417
825,Liberia,2004/05,5.78,0.78
826,Mexico,2004/05,3867.3474,2367.3474
827,Nepal,2004/05,0.95,0.95
828,Nicaragua,2004/05,1068.077,883.799
829,Nigeria,2004/05,45.1379,5.1379
830,Panama,2004/05,90.3892,23.3892
831,Sierra Leone,2004/05,14.5255,9.5255
832,Sri Lanka,2004/05,31.6437,1.6437
833,Thailand,2004/05,884.383,384.38300000000004
834,Togo,2004/05,165.52200000000002,163.52200000000002
835,Trinidad & Tobago,2004/05,15.1235,1.1235
836,Uganda,2004/05,2612.619,2472.619
837,Venezuela,2004/05,1326.5336,0.0
838,Vietnam,2004/05,14370.453000000001,13674.097
839,Yemen,2004/05,205.5589,69.5589
840,Angola,2005/06,24.965,9.965
841,Bolivia,2005/06,128.9692,68.9692
842,Brazil,2005/06,32932.9797,17394.9797
843,Burundi,2005/06,103.315,101.40899999999999
844,Ecuador,2005/06,935.3007,785.3007
845,Indonesia,2005/06,9158.9594,6658.9594
846,Madagascar,2005/06,599.149,132.149
847,Malawi,2005/06,24.416,23.416
848,Papua New Guinea,2005/06,1268.1328,1266.1328
849,Paraguay,2005/06,45.2369,25.2369
850,Peru,2005/06,2488.8349,2268.8349
851,Rwanda,2005/06,337.0107,336.0107
852,Timor-Leste,2005/06,23.5228,23.5228
853,Zimbabwe,2005/06,65.9299,61.9299
854,"Congo, Rep. of",2005/06,3.0,0.0
855,Cuba,2005/06,99.5833,0.0
856,Dominican Republic,2005/06,310.0469,0.0
857,Haiti,2005/06,356.0064,16.0064
858,Philippines,2005/06,432.3372,0.0
859,Tanzania,2005/06,804.4066,757.4066
860,Zambia,2005/06,102.936,102.336
861,Benin,2005/06,0.0,0.0
862,Cameroon,2005/06,869.7157,800.7157
863,Central African Republic,2005/06,23.1639,20.1639
864,Colombia,2005/06,12564.2337,11164.2337
865,"Congo, Dem. Rep. of",2005/06,336.19800000000004,136.19799999999998
866,Costa Rica,2005/06,1652.5288,1277.5288
867,Côte d'Ivoire,2005/06,2099.0447,1782.3777
868,El Salvador,2005/06,1318.5870000000002,1094.487
869,Equatorial Guinea,2005/06,0.0,0.0
870,Ethiopia,2005/06,4779.486,2170.486
871,Gabon,2005/06,691.0,391.0
872,Ghana,2005/06,12.3749,10.7849
873,Guatemala,2005/06,3675.5298,3375.5298
874,Guinea,2005/06,524.884,474.884
875,Guyana,2005/06,7.0144,1.4144
876,Honduras,2005/06,3204.361,2974.361
877,India,2005/06,4567.2898,3230.2898
878,Jamaica,2005/06,34.2777,25.2777
879,Kenya,2005/06,660.135,610.135
880,"Lao, People's Dem. Rep. of",2005/06,279.64599999999996,139.64600000000002
881,Liberia,2005/06,5.361000000000001,361.0
882,Mexico,2005/06,4224.6637,2499.6637
883,Nepal,2005/06,1.3,1.3
884,Nicaragua,2005/06,1431.8115,1245.0925
885,Nigeria,2005/06,68.5718,28.5718
886,Panama,2005/06,176.3307,109.3307
887,Sierra Leone,2005/06,59.9662,54.9662
888,Sri Lanka,2005/06,34.9432,4.9432
889,Thailand,2005/06,1063.9651,563.9651
890,Togo,2005/06,140.0759,138.0759
891,Trinidad & Tobago,2005/06,14.8624,0.8624
892,Uganda,2005/06,2175.201,2025.201
893,Venezuela,2005/06,1506.3009,49.8009
894,Vietnam,2005/06,13841.8363,13041.8363
895,Yemen,2005/06,203.1808,65.1808
896,Angola,2006/07,35.095,5.095
897,Bolivia,2006/07,164.4297,104.4297
898,Brazil,2006/07,42986.9148,26655.9148
899,Burundi,2006/07,498.5,496.94
900,Ecuador,2006/07,1034.5199,884.5199
901,Indonesia,2006/07,7482.6737,4649.6737
902,Madagascar,2006/07,586.51,119.51
903,Malawi,2006/07,16.663,15.663
904,Papua New Guinea,2006/07,807.2202,805.2202
905,Paraguay,2006/07,25.7472,5.7472
906,Peru,2006/07,4319.0586,4099.0586
907,Rwanda,2006/07,351.01300000000003,350.01300000000003
908,Timor-Leste,2006/07,46.2077,46.2077
909,Zimbabwe,2006/07,45.148999999999994,41.148999999999994
910,"Congo, Rep. of",2006/07,3.0,0.0
911,Cuba,2006/07,104.85,0.0
912,Dominican Republic,2006/07,386.6671,8.6691
913,Haiti,2006/07,362.11199999999997,22.112
914,Philippines,2006/07,441.1089,0.0
915,Tanzania,2006/07,821.807,774.807
916,Zambia,2006/07,56.0696,55.4696
917,Benin,2006/07,0.0,0.0
918,Cameroon,2006/07,818.1664,749.1664
919,Central African Republic,2006/07,113.5037,110.5037
920,Colombia,2006/07,11758.6936,10564.0606
921,"Congo, Dem. Rep. of",2006/07,377.5227,177.5227
922,Costa Rica,2006/07,1706.0731,1331.0731
923,Côte d'Ivoire,2006/07,2847.9404,2531.2734
924,El Salvador,2006/07,1233.661,979.8610000000001
925,Equatorial Guinea,2006/07,0.0,0.0
926,Ethiopia,2006/07,5550.74,2802.74
927,Gabon,2006/07,1.403,1.103
928,Ghana,2006/07,20.2111,19.2111
929,Guatemala,2006/07,3950.3303,3650.3303
930,Guinea,2006/07,472.9477,422.9477
931,Guyana,2006/07,7.5796,1.8626
932,Honduras,2006/07,3461.2816,3231.2816
933,India,2006/07,4799.7424,3383.0734
934,Jamaica,2006/07,40.1196,31.1196
935,Kenya,2006/07,826.08,776.08
936,"Lao, People's Dem. Rep. of",2006/07,391.0986,251.0986
937,Liberia,2006/07,6.7276,1.7276
938,Mexico,2006/07,4200.3381,2200.3381
939,Nepal,2006/07,2.25,2.25
940,Nicaragua,2006/07,1427.9262,1238.7412
941,Nigeria,2006/07,50.7351,10.7351
942,Panama,2006/07,173.1015,106.1015
943,Sierra Leone,2006/07,31.471999999999998,26.471999999999998
944,Sri Lanka,2006/07,32.875,2.875
945,Thailand,2006/07,822.4689,322.4689
946,Togo,2006/07,133.95,131.95
947,Trinidad & Tobago,2006/07,11.6981,0.6981
948,Uganda,2006/07,2894.16,2719.16
949,Venezuela,2006/07,1570.8961,52.7861
950,Vietnam,2006/07,19339.7501,18422.7501
951,Yemen,2006/07,207.234,69.234
952,Angola,2007/08,35.631,5.631
953,Bolivia,2007/08,132.5292,72.5292
954,Brazil,2007/08,38971.7101,21861.7101
955,Burundi,2007/08,132.856,131.499
956,Ecuador,2007/08,950.4028,800.4028
957,Indonesia,2007/08,7776.5557,4443.5557
958,Madagascar,2007/08,614.1661,147.1661
959,Malawi,2007/08,18.812,17.812
960,Papua New Guinea,2007/08,967.7113,965.7113
961,Paraguay,2007/08,38.6339,18.6339
962,Peru,2007/08,3062.9307,2842.9307
963,Rwanda,2007/08,224.0446,223.0446
964,Timor-Leste,2007/08,36.3032,36.3032
965,Zimbabwe,2007/08,31.2441,27.2441
966,"Congo, Rep. of",2007/08,3.0,0.0
967,Cuba,2007/08,109.8567,0.0
968,Dominican Republic,2007/08,464.9084,86.9084
969,Haiti,2007/08,359.4114,19.4114
970,Philippines,2007/08,445.6113,0.0
971,Tanzania,2007/08,809.7958,762.7958
972,Zambia,2007/08,61.4737,60.4737
973,Benin,2007/08,0.0,0.0
974,Cameroon,2007/08,795.3046,726.3046
975,Central African Republic,2007/08,43.467,40.134
976,Colombia,2007/08,12515.4534,11234.5304
977,"Congo, Dem. Rep. of",2007/08,415.9287,215.9287
978,Costa Rica,2007/08,1797.1373,1422.1373
979,Côte d'Ivoire,2007/08,1338.1445,1021.1445
980,El Salvador,2007/08,1504.9911,1254.4911
981,Equatorial Guinea,2007/08,0.0,0.0
982,Ethiopia,2007/08,5966.6796,3072.6796
983,Gabon,2007/08,721.0,421.0
984,Ghana,2007/08,34.6644,32.6644
985,Guatemala,2007/08,4099.6768,3799.6768
986,Guinea,2007/08,322.6894,272.6894
987,Guyana,2007/08,8.6174,1.6174
988,Honduras,2007/08,3639.7929,3394.7929
989,India,2007/08,4366.6594,2866.6594
990,Jamaica,2007/08,20.1766,11.1766
991,Kenya,2007/08,652.105,602.105
992,"Lao, People's Dem. Rep. of",2007/08,393.12300000000005,253.123
993,Liberia,2007/08,6.8511,1.8511
994,Mexico,2007/08,4150.3183,1950.3183
995,Nepal,2007/08,1.2574,1.2574
996,Nicaragua,2007/08,1905.6714,1714.0264
997,Nigeria,2007/08,42.1658,2.1658
998,Panama,2007/08,176.0553,109.0553
999,Sierra Leone,2007/08,40.0011,35.0011
1000,Sri Lanka,2007/08,33.4906,3.4906
1001,Thailand,2007/08,650.4208,100.4208
1002,Togo,2007/08,125.131,123.131
1003,Trinidad & Tobago,2007/08,12.1349,1.1349
1004,Uganda,2007/08,3489.6479999999997,3309.3979999999997
1005,Venezuela,2007/08,1520.4505,0.0
1006,Vietnam,2007/08,16405.0988,15467.0988
1007,Yemen,2007/08,197.9537,67.9537
1008,Angola,2008/09,37.61,7.61
1009,Bolivia,2008/09,135.4186,75.4186
1010,Brazil,2008/09,50490.0837,32830.0837
1011,Burundi,2008/09,411.7822,410.3472
1012,Ecuador,2008/09,770.6473,620.6473
1013,Indonesia,2008/09,9612.3466,6279.3466
1014,Madagascar,2008/09,727.6884,260.6884
1015,Malawi,2008/09,20.753,19.753
1016,Papua New Guinea,2008/09,1027.6529,1025.6529
1017,Paraguay,2008/09,20.0154,0.0154
1018,Peru,2008/09,3872.262,3622.262
1019,Rwanda,2008/09,368.7282,367.7282
1020,Timor-Leste,2008/09,47.6918,47.6918
1021,Zimbabwe,2008/09,24.2492,20.2492
1022,"Congo, Rep. of",2008/09,3.0,0.0
1023,Cuba,2008/09,133.4523,0.0
1024,Dominican Republic,2008/09,645.0295,267.0295
1025,Haiti,2008/09,358.6822,18.6822
1026,Philippines,2008/09,586.8337,0.0
1027,Tanzania,2008/09,1186.2823,1139.2823
1028,Zambia,2008/09,34.6967,33.6967
1029,Benin,2008/09,0.0,0.0
1030,Cameroon,2008/09,724.9004,655.9004
1031,Central African Republic,2008/09,59.61600000000001,54.61600000000001
1032,Colombia,2008/09,8663.2373,7372.7373
1033,"Congo, Dem. Rep. of",2008/09,421.9583,221.9583
1034,Costa Rica,2008/09,1499.918,1232.059
1035,Côte d'Ivoire,2008/09,2526.3263,2209.3263
1036,El Salvador,2008/09,1450.2264,1205.9264
1037,Equatorial Guinea,2008/09,0.0,0.0
1038,Ethiopia,2008/09,4948.9869,1900.9869
1039,Gabon,2008/09,2.0669999999999997,1.7919999999999998
1040,Ghana,2008/09,26.4006,24.4006
1041,Guatemala,2008/09,3784.9658,3449.9658
1042,Guinea,2008/09,504.7819,454.7819
1043,Guyana,2008/09,9.8722,1.4052
1044,Honduras,2008/09,3449.9872,3181.6542
1045,India,2008/09,4378.002,2804.6659999999997
1046,Jamaica,2008/09,31.8915,22.8915
1047,Kenya,2008/09,541.075,491.075
1048,"Lao, People's Dem. Rep. of",2008/09,405.6104,255.6104
1049,Liberia,2008/09,12.4117,7.4117
1050,Mexico,2008/09,4650.6492,2450.6492
1051,Nepal,2008/09,1.4624,1.4624
1052,Nicaragua,2008/09,1444.7342,1250.5872
1053,Nigeria,2008/09,50.0048,10.0048
1054,Panama,2008/09,149.1609,82.1609
1055,Sierra Leone,2008/09,86.2856,81.2856
1056,Sri Lanka,2008/09,30.8644,0.8644
1057,Thailand,2008/09,674.5626,74.5626
1058,Togo,2008/09,137.7531,135.7531
1059,Trinidad & Tobago,2008/09,11.4194,0.4194
1060,Uganda,2008/09,3335.167,3150.167
1061,Venezuela,2008/09,932.4219,0.0
1062,Vietnam,2008/09,18438.1201,17417.1201
1063,Yemen,2008/09,219.7968,89.7968
1064,Angola,2009/10,13.42,0.0
1065,Bolivia,2009/10,142.4751,82.4751
1066,Brazil,2009/10,43976.812000000005,25586.812
1067,Burundi,2009/10,111.613,110.214
1068,Ecuador,2009/10,813.2849,663.2849
1069,Indonesia,2009/10,11379.6699,8046.6699
1070,Madagascar,2009/10,456.9613,0.0
1071,Malawi,2009/10,16.922,15.922
1072,Papua New Guinea,2009/10,1037.9942,1035.9942
1073,Paraguay,2009/10,20.0167,0.0167
1074,Peru,2009/10,3286.0867,3036.0867
1075,Rwanda,2009/10,258.9411,257.9411
1076,Timor-Leste,2009/10,46.9126,46.9126
1077,Zimbabwe,2009/10,21.3683,17.3683
1078,"Congo, Rep. of",2009/10,3.0,0.0
1079,Cuba,2009/10,92.103,0.0
1080,Dominican Republic,2009/10,352.4645,0.0
1081,Haiti,2009/10,350.5835,10.5835
1082,Philippines,2009/10,730.4181,0.0
1083,Tanzania,2009/10,674.9343,627.9343
1084,Zambia,2009/10,28.217,28.217
1085,Benin,2009/10,0.0,0.0
1086,Cameroon,2009/10,902.2813,833.2813
1087,Central African Republic,2009/10,112.109,103.77600000000001
1088,Colombia,2009/10,8097.7801,6827.9171
1089,"Congo, Dem. Rep. of",2009/10,345.8372,145.8372
1090,Costa Rica,2009/10,1476.7476,1181.3066
1091,Côte d'Ivoire,2009/10,1988.6994,1671.6994
1092,El Salvador,2009/10,1074.6297,806.3297
1093,Equatorial Guinea,2009/10,0.0,0.0
1094,Ethiopia,2009/10,6931.1990000000005,3721.199
1095,Gabon,2009/10,493.0,243.0
1096,Ghana,2009/10,36.9277,34.9277
1097,Guatemala,2009/10,3834.7868,3514.7868
1098,Guinea,2009/10,499.2465,449.2465
1099,Guyana,2009/10,9.1767,0.9437
1100,Honduras,2009/10,3602.9169,3296.2499
1101,India,2009/10,4826.6521,3126.6521
1102,Jamaica,2009/10,25.0842,16.0842
1103,Kenya,2009/10,629.74,579.74
1104,"Lao, People's Dem. Rep. of",2009/10,433.8689,283.8689
1105,Liberia,2009/10,12.692,7.692
1106,Mexico,2009/10,4108.6243,1908.6243
1107,Nepal,2009/10,1.1083,1.1083
1108,Nicaragua,2009/10,1871.1206,1674.4986
1109,Nigeria,2009/10,34.2687,0.0
1110,Panama,2009/10,137.7393,70.7393
1111,Sierra Leone,2009/10,90.7017,85.7017
1112,Sri Lanka,2009/10,31.5032,1.5032
1113,Thailand,2009/10,794.7965,94.7965
1114,Togo,2009/10,201.8831,199.8831
1115,Trinidad & Tobago,2009/10,11.4069,0.4069
1116,Uganda,2009/10,2893.8759999999997,2705.176
1117,Venezuela,2009/10,1213.7061,0.0
1118,Vietnam,2009/10,17825.3453,16617.3453
1119,Yemen,2009/10,135.1816,5.1816
1120,Angola,2010/11,34.97,4.97
1121,Bolivia,2010/11,129.7249,69.7249
1122,Brazil,2010/11,53428.4102,34296.4102
1123,Burundi,2010/11,352.9776,350.9776
1124,Ecuador,2010/11,853.9798,703.9798
1125,Indonesia,2010/11,9128.5118,5795.5118
1126,Madagascar,2010/11,529.7233,62.7233
1127,Malawi,2010/11,16.9285,15.9285
1128,Papua New Guinea,2010/11,866.5184,865.0884
1129,Paraguay,2010/11,20.1965,0.1965
1130,Peru,2010/11,4068.823,3818.823
1131,Rwanda,2010/11,322.9191,321.9191
1132,Timor-Leste,2010/11,60.1017,59.6117
1133,Zimbabwe,2010/11,10.0859,6.0859
1134,"Congo, Rep. of",2010/11,3.0,0.0
1135,Cuba,2010/11,108.49700000000001,0.0
1136,Dominican Republic,2010/11,378.1562,0.1562
1137,Haiti,2010/11,349.5281,9.5281
1138,Philippines,2010/11,189.0533,0.0
1139,Tanzania,2010/11,845.9077,798.9077
1140,Zambia,2010/11,13.1783,13.1783
1141,Benin,2010/11,0.0,0.0
1142,Cameroon,2010/11,527.1347,458.8017
1143,Central African Republic,2010/11,78.462,68.462
1144,Colombia,2010/11,8522.6874,7214.8794
1145,"Congo, Dem. Rep. of",2010/11,305.1575,105.1575
1146,Costa Rica,2010/11,1613.6996,1206.4786
1147,Côte d'Ivoire,2010/11,836.7239999999999,519.724
1148,El Salvador,2010/11,1873.269,1597.269
1149,Equatorial Guinea,2010/11,0.0,0.0
1150,Ethiopia,2010/11,7500.3848,4117.3848
1151,Gabon,2010/11,1.8323,0.8853
1152,Ghana,2010/11,92.3075,90.3075
1153,Guatemala,2010/11,3949.9335,3609.9335
1154,Guinea,2010/11,386.4609,336.4609
1155,Guyana,2010/11,9.1433,0.6433
1156,Honduras,2010/11,4330.6854,3995.6854
1157,India,2010/11,5032.9734,3232.9734
1158,Jamaica,2010/11,20.5548,11.5548
1159,Kenya,2010/11,640.8736,590.8736
1160,"Lao, People's Dem. Rep. of",2010/11,544.3616,394.3616
1161,Liberia,2010/11,10.4386,5.4386
1162,Mexico,2010/11,4001.4319,1647.4319
1163,Nepal,2010/11,3.0825,3.0825
1164,Nicaragua,2010/11,1637.8216,1435.0766
1165,Nigeria,2010/11,42.0553,2.0553
1166,Panama,2010/11,113.8499,46.8499
1167,Sierra Leone,2010/11,32.9146,27.9146
1168,Sri Lanka,2010/11,37.0877,2.0877
1169,Thailand,2010/11,828.1734,53.1734
1170,Togo,2010/11,160.2912,158.2912
1171,Trinidad & Tobago,2010/11,10.3587,0.3587
1172,Uganda,2010/11,3267.232,3063.232
1173,Venezuela,2010/11,1202.1338,0.0
1174,Vietnam,2010/11,19999.9999,18416.9999
1175,Yemen,2010/11,161.1675,31.1675
1176,Angola,2011/12,28.715,0.0
1177,Bolivia,2011/12,142.8354,82.8354
1178,Brazil,2011/12,50591.8289,30871.8289
1179,Burundi,2011/12,204.1328,202.1328
1180,Ecuador,2011/12,825.4144,675.4144
1181,Indonesia,2011/12,6888.9233,3221.9233
1182,Madagascar,2011/12,584.8528,134.8528
1183,Malawi,2011/12,25.8264,24.8264
1184,Papua New Guinea,2011/12,1413.8545,1412.6185
1185,Paraguay,2011/12,20.0195,0.0195
1186,Peru,2011/12,5372.5296,5122.5296
1187,Rwanda,2011/12,251.071,250.071
1188,Timor-Leste,2011/12,47.3531,46.8631
1189,Zimbabwe,2011/12,8.8564,4.8564
1190,"Congo, Rep. of",2011/12,3.0,0.0
1191,Cuba,2011/12,100.15799999999999,0.0
1192,Dominican Republic,2011/12,490.5415,112.5415
1193,Haiti,2011/12,349.1949,9.1949
1194,Philippines,2011/12,179.6611,0.0
1195,Tanzania,2011/12,641.0391,582.0891
1196,Zambia,2011/12,11.1889,11.1889
1197,Benin,2011/12,0.0,0.0
1198,Cameroon,2011/12,669.3245,599.3075
1199,Central African Republic,2011/12,91.325,77.992
1200,Colombia,2011/12,7652.1286,6213.4196
1201,"Congo, Dem. Rep. of",2011/12,356.5382,156.5382
1202,Costa Rica,2011/12,1830.8955,1450.0075
1203,Côte d'Ivoire,2011/12,2216.3419,1899.3419
1204,El Salvador,2011/12,1163.7647,890.3647
1205,Equatorial Guinea,2011/12,0.0,0.0
1206,Ethiopia,2011/12,6798.4099,3415.4099
1207,Gabon,2011/12,782.0,0.0
1208,Ghana,2011/12,93.7062,91.7062
1209,Guatemala,2011/12,3850.3876,3500.3876
1210,Guinea,2011/12,385.5106,335.5106
1211,Guyana,2011/12,10.0809,1.4809
1212,Honduras,2011/12,5882.1354,5542.1354
1213,India,2011/12,5232.5414,3315.5414
1214,Jamaica,2011/12,24.0073,15.0073
1215,Kenya,2011/12,757.3153,707.3153
1216,"Lao, People's Dem. Rep. of",2011/12,514.0001,364.0001
1217,Liberia,2011/12,10.2354,5.2354
1218,Mexico,2011/12,4561.0578,2207.0578
1219,Nepal,2011/12,2.0111,2.0111
1220,Nicaragua,2011/12,2193.4210000000003,1988.16
1221,Nigeria,2011/12,46.8796,6.8796
1222,Panama,2011/12,105.6314,38.6314
1223,Sierra Leone,2011/12,78.2979,73.2979
1224,Sri Lanka,2011/12,35.6993,0.6993
1225,Thailand,2011/12,831.2755,0.0
1226,Togo,2011/12,160.047,159.83700000000002
1227,Trinidad & Tobago,2011/12,11.1577,1.1577
1228,Uganda,2011/12,3115.063,2905.063
1229,Venezuela,2011/12,902.0717,0.0
1230,Vietnam,2011/12,26499.6111,24849.6111
1231,Yemen,2011/12,185.0677,55.0677
1232,Angola,2012/13,32.79,2.79
1233,Bolivia,2012/13,114.7812,54.7812
1234,Brazil,2012/13,55420.225,35090.225
1235,Burundi,2012/13,405.9615,403.9615
1236,Ecuador,2012/13,828.1024,678.1024
1237,Indonesia,2012/13,13070.0386,9170.0386
1238,Madagascar,2012/13,499.7094,69.7094
1239,Malawi,2012/13,22.8262,21.8262
1240,Papua New Guinea,2012/13,716.488,714.7769999999999
1241,Paraguay,2012/13,20.0065,0.0065
1242,Peru,2012/13,4450.0478,4200.0478
1243,Rwanda,2012/13,258.5591,257.5591
1244,Timor-Leste,2012/13,60.7483,60.2583
1245,Zimbabwe,2012/13,7.3208,3.3208
1246,"Congo, Rep. of",2012/13,3.0,0.0
1247,Cuba,2012/13,88.14200000000001,0.0
1248,Dominican Republic,2012/13,488.4307,110.4307
1249,Haiti,2012/13,349.7319,9.7319
1250,Philippines,2012/13,177.4616,0.0
1251,Tanzania,2012/13,1151.1215,1079.4215
1252,Zambia,2012/13,5.3695,5.3695
1253,Benin,2012/13,0.0,0.0
1254,Cameroon,2012/13,371.0197,299.2867
1255,Central African Republic,2012/13,22.89,6.223
1256,Colombia,2012/13,9926.7855,8485.5765
1257,"Congo, Dem. Rep. of",2012/13,334.0453,134.0453
1258,Costa Rica,2012/13,1822.6906,1399.5936
1259,Côte d'Ivoire,2012/13,1993.8367,1676.8367
1260,El Salvador,2012/13,1239.5852,962.9852
1261,Equatorial Guinea,2012/13,0.0,0.0
1262,Ethiopia,2012/13,6233.0066,2833.0066
1263,Gabon,2012/13,751.0,0.0
1264,Ghana,2012/13,82.0067,80.0067
1265,Guatemala,2012/13,3762.9331,3402.9331
1266,Guinea,2012/13,233.5545,183.5545
1267,Guyana,2012/13,9.9779,1.2779
1268,Honduras,2012/13,4685.9958,4340.9958
1269,India,2012/13,5303.4408,3303.4408
1270,Jamaica,2012/13,23.7159,14.7159
1271,Kenya,2012/13,875.4455,825.4455
1272,"Lao, People's Dem. Rep. of",2012/13,541.4914,391.4914
1273,Liberia,2012/13,10.1213,5.1213
1274,Mexico,2012/13,4326.9422,1972.9422
1275,Nepal,2012/13,1.2073,1.2073
1276,Nicaragua,2012/13,1873.4749,1665.6109
1277,Nigeria,2012/13,40.7637,0.7637
1278,Panama,2012/13,115.5198,48.5198
1279,Sierra Leone,2012/13,61.1833,56.1833
1280,Sri Lanka,2012/13,35.2484,0.2484
1281,Thailand,2012/13,608.0946,0.0
1282,Togo,2012/13,84.0589,83.8169
1283,Trinidad & Tobago,2012/13,12.2272,2.2272
1284,Uganda,2012/13,3913.502,3697.502
1285,Venezuela,2012/13,952.4201,0.0
1286,Vietnam,2012/13,23402.1057,21577.1057
1287,Yemen,2012/13,187.5251,57.5251
1288,Angola,2013/14,34.935,4.935
1289,Bolivia,2013/14,127.9122,67.9122
1290,Brazil,2013/14,54698.0833,34613.0833
1291,Burundi,2013/14,163.2177,161.2177
1292,Ecuador,2013/14,665.545,510.545
1293,Indonesia,2013/14,12817.9493,8650.9493
1294,Madagascar,2013/14,584.4758,174.4758
1295,Malawi,2013/14,27.7944,26.7944
1296,Papua New Guinea,2013/14,835.3594,833.3204
1297,Paraguay,2013/14,20.0069,0.0069
1298,Peru,2013/14,4106.2383,3856.2383
1299,Rwanda,2013/14,257.7282,256.7282
1300,Timor-Leste,2013/14,80.2182,79.7282
1301,Zimbabwe,2013/14,8.6415,4.6415
1302,"Congo, Rep. of",2013/14,3.0,0.0
1303,Cuba,2013/14,106.685,0.0
1304,Dominican Republic,2013/14,425.3936,42.0606
1305,Haiti,2013/14,345.2098,5.2098
1306,Philippines,2013/14,185.68200000000002,0.0
1307,Tanzania,2013/14,810.9352,737.4682
1308,Zambia,2013/14,10.7527,10.7527
1309,Benin,2013/14,0.0,0.0
1310,Cameroon,2013/14,403.8311,330.3481
1311,Central African Republic,2013/14,90.104,70.104
1312,Colombia,2013/14,12163.1252,10694.1522
1313,"Congo, Dem. Rep. of",2013/14,347.087,147.08700000000002
1314,Costa Rica,2013/14,1552.0761,1217.0161
1315,Côte d'Ivoire,2013/14,2597.7673,2280.7673
1316,El Salvador,2013/14,514.9996,239.9996
1317,Equatorial Guinea,2013/14,0.0,0.0
1318,Ethiopia,2013/14,6427.4439,2877.4439
1319,Gabon,2013/14,383.0,0.0
1320,Ghana,2013/14,44.7367,42.7367
1321,Guatemala,2013/14,3189.3714,2819.3714
1322,Guinea,2013/14,101.1902,51.1902
1323,Guyana,2013/14,1.6819,0.0
1324,Honduras,2013/14,4583.0246,4233.0246
1325,India,2013/14,5075.3312,2975.3312
1326,Jamaica,2013/14,19.8292,10.8292
1327,Kenya,2013/14,837.9501,787.9501
1328,"Lao, People's Dem. Rep. of",2013/14,538.0728,388.0728
1329,Liberia,2013/14,5.939,939.0
1330,Mexico,2013/14,3916.4766,1595.4766
1331,Nepal,2013/14,0.9054,0.9054
1332,Nicaragua,2013/14,2059.8628,1850.3018
1333,Nigeria,2013/14,40.8582,0.8582
1334,Panama,2013/14,113.4685,46.4685
1335,Sierra Leone,2013/14,31.7346,26.7346
1336,Sri Lanka,2013/14,37.0825,2.0825
1337,Thailand,2013/14,638.0038,0.0
1338,Togo,2013/14,171.5059,171.2679
1339,Trinidad & Tobago,2013/14,12.2242,2.2242
1340,Uganda,2013/14,3632.867,3412.067
1341,Venezuela,2013/14,803.7688,0.0
1342,Vietnam,2013/14,27609.7814,25609.7814
1343,Yemen,2013/14,187.2981,57.2981
1344,Angola,2014/15,39.405,9.405
1345,Bolivia,2014/15,106.3766,46.3766
1346,Brazil,2014/15,52298.9787,31965.9787
1347,Burundi,2014/15,247.55,245.55
1348,Ecuador,2014/15,644.0112,489.0112
1349,Indonesia,2014/15,10862.2773,6529.2773
1350,Madagascar,2014/15,501.4544,111.4544
1351,Malawi,2014/15,24.7098,23.7098
1352,Papua New Guinea,2014/15,797.5642,795.6402
1353,Paraguay,2014/15,20.0725,0.0725
1354,Peru,2014/15,2883.2290000000003,2633.2290000000003
1355,Rwanda,2014/15,238.3438,237.3438
1356,Timor-Leste,2014/15,110.9242,110.4342
1357,Zimbabwe,2014/15,15.0124,11.0124
1358,"Congo, Rep. of",2014/15,3.0,0.0
1359,Cuba,2014/15,101.421,0.0
1360,Dominican Republic,2014/15,396.9541,8.9541
1361,Haiti,2014/15,343.2067,3.2067
1362,Philippines,2014/15,193.2142,0.0
1363,Tanzania,2014/15,752.6685,675.9515
1364,Zambia,2014/15,2.6111,2.6111
1365,Benin,2014/15,0.0,0.0
1366,Cameroon,2014/15,483.1051,407.7881
1367,Central African Republic,2014/15,62.614,42.614
1368,Colombia,2014/15,13339.4695,11834.7255
1369,"Congo, Dem. Rep. of",2014/15,334.871,134.871
1370,Costa Rica,2014/15,1475.0612,1094.3192
1371,Côte d'Ivoire,2014/15,1728.0433,1411.0433
1372,El Salvador,2014/15,664.9995,384.9995
1373,Equatorial Guinea,2014/15,0.0,0.0
1374,Ethiopia,2014/15,6575.2618,2950.2618
1375,Gabon,2014/15,517.0,0.0
1376,Ghana,2014/15,18.6847,16.6847
1377,Guatemala,2014/15,3310.0759,2930.0759
1378,Guinea,2014/15,165.1077,115.1077
1379,Guyana,2014/15,8.5834,0.0
1380,Honduras,2014/15,5268.2161,4913.2161
1381,India,2014/15,5449.866999999999,3249.867
1382,Jamaica,2014/15,21.0512,12.0512
1383,Kenya,2014/15,764.7629,714.7629
1384,"Lao, People's Dem. Rep. of",2014/15,498.5298,348.5298
1385,Liberia,2014/15,7.0733,2.0733
1386,Mexico,2014/15,3591.2,1244.2
1387,Nepal,2014/15,2.1378,2.1378
1388,Nicaragua,2014/15,1897.6828,1685.9408
1389,Nigeria,2014/15,42.7982,2.7982
1390,Panama,2014/15,106.2169,39.2169
1391,Sierra Leone,2014/15,46.4478,41.4478
1392,Sri Lanka,2014/15,35.7018,0.7018
1393,Thailand,2014/15,844.8871,0.0
1394,Togo,2014/15,143.2417,143.0467
1395,Trinidad & Tobago,2014/15,12.0013,2.0013
1396,Uganda,2014/15,3744.4770000000003,3515.277
1397,Venezuela,2014/15,650.3983,0.0
1398,Vietnam,2014/15,26499.8404,24299.8404
1399,Yemen,2014/15,183.3814,53.3814
1400,Angola,2015/16,40.515,10.515
1401,Bolivia,2015/16,89.2191,29.2191
1402,Brazil,2015/16,52425.6396,31917.6396
1403,Burundi,2015/16,274.1017,272.1017
1404,Ecuador,2015/16,644.4926,489.4926
1405,Indonesia,2015/16,12535.4751,8035.4751
1406,Madagascar,2015/16,425.2061,55.2061
1407,Malawi,2015/16,21.2015,20.2015
1408,Papua New Guinea,2015/16,711.9818,710.1818
1409,Paraguay,2015/16,20.0,0.0
1410,Peru,2015/16,3303.5542,3053.5542
1411,Rwanda,2015/16,292.6292,291.6292
1412,Timor-Leste,2015/16,59.1588,58.6688
1413,Zimbabwe,2015/16,14.2836,10.2836
1414,"Congo, Rep. of",2015/16,3.0,0.0
1415,Cuba,2015/16,99.8181,0.0
1416,Dominican Republic,2015/16,399.9543,11.9543
1417,Haiti,2015/16,340.8647,0.8647
1418,Philippines,2015/16,208.0726,0.0
1419,Tanzania,2015/16,930.172,838.122
1420,Zambia,2015/16,3.6889999999999996,3.6889999999999996
1421,Benin,2015/16,0.0,0.0
1422,Cameroon,2015/16,390.8379,314.8379
1423,Central African Republic,2015/16,100.068,80.068
1424,Colombia,2015/16,14009.1524,12337.3614
1425,"Congo, Dem. Rep. of",2015/16,370.6123,170.6123
1426,Costa Rica,2015/16,1440.1724,991.3514
1427,Côte d'Ivoire,2015/16,1289.0845,972.0845
1428,El Salvador,2015/16,565.0,280.0
1429,Equatorial Guinea,2015/16,0.0,0.0
1430,Ethiopia,2015/16,6713.9754,3013.9754
1431,Gabon,2015/16,741.0,241.0
1432,Ghana,2015/16,9.3777,7.3777
1433,Guatemala,2015/16,3409.781,3019.781
1434,Guinea,2015/16,286.4455,236.4455
1435,Guyana,2015/16,10.9693,1.9693
1436,Honduras,2015/16,5785.776,5420.776
1437,India,2015/16,5800.3381,3550.3381
1438,Jamaica,2015/16,20.0121,11.0121
1439,Kenya,2015/16,789.1671,739.1671
1440,"Lao, People's Dem. Rep. of",2015/16,515.6519,365.6519
1441,Liberia,2015/16,10.0467,5.0467
1442,Mexico,2015/16,2903.395,574.395
1443,Nepal,2015/16,1.6763,1.6763
1444,Nicaragua,2015/16,2133.4314,1919.4854
1445,Nigeria,2015/16,41.2782,1.2782
1446,Panama,2015/16,127.0784,60.0784
1447,Sierra Leone,2015/16,45.9276,40.9276
1448,Sri Lanka,2015/16,36.1933,1.1933
1449,Thailand,2015/16,761.9808,0.0
1450,Togo,2015/16,80.9232,80.7032
1451,Trinidad & Tobago,2015/16,11.7897,1.7897
1452,Uganda,2015/16,3649.567,3415.567
1453,Venezuela,2015/16,500.1259,0.0
1454,Vietnam,2015/16,28736.5941,26436.5941
1455,Yemen,2015/16,171.24599999999998,41.246
1456,Angola,2016/17,44.83,14.83
1457,Bolivia,2016/17,80.9835,20.9835
1458,Brazil,2016/17,56763.7634,35538.7634
1459,Burundi,2016/17,248.7933,246.7933
1460,Ecuador,2016/17,644.8845,489.8845
1461,Indonesia,2016/17,11491.0266,6891.0266
1462,Madagascar,2016/17,420.8227,60.8227
1463,Malawi,2016/17,19.516,18.516
1464,Papua New Guinea,2016/17,1171.1449,1169.1449
1465,Paraguay,2016/17,20.0101,0.0101
1466,Peru,2016/17,4222.8784,3972.8784
1467,Rwanda,2016/17,231.0905,230.0905
1468,Timor-Leste,2016/17,82.0206,81.5306
1469,Zimbabwe,2016/17,15.1183,11.1183
1470,"Congo, Rep. of",2016/17,3.0,0.0
1471,Cuba,2016/17,102.6,0.0
1472,Dominican Republic,2016/17,412.2085,22.2085
1473,Haiti,2016/17,341.5781,1.5781
1474,Philippines,2016/17,214.6417,0.0
1475,Tanzania,2016/17,846.0919,754.7919
1476,Zambia,2016/17,13.3181,13.3181
1477,Benin,2016/17,0.0,0.0
1478,Cameroon,2016/17,291.8761,214.8761
1479,Central African Republic,2016/17,36.5467,16.5467
1480,Colombia,2016/17,14634.0003,12897.5589
1481,"Congo, Dem. Rep. of",2016/17,323.927,123.927
1482,Costa Rica,2016/17,1371.8963,1042.4393
1483,Côte d'Ivoire,2016/17,817.4045,500.4045
1484,El Salvador,2016/17,609.9996,317.9996
1485,Equatorial Guinea,2016/17,0.0,0.0
1486,Ethiopia,2016/17,7296.9796,3571.9796
1487,Gabon,2016/17,0.5,0.0
1488,Ghana,2016/17,7.8839,5.8839
1489,Guatemala,2016/17,3684.2090000000003,3294.2090000000003
1490,Guinea,2016/17,269.9426,219.9426
1491,Guyana,2016/17,10.0482,1.0482
1492,Honduras,2016/17,7456.8976,7086.8976
1493,India,2016/17,5199.9436,2899.9436
1494,Jamaica,2016/17,18.0447,9.0447
1495,Kenya,2016/17,782.7675,732.7675
1496,"Lao, People's Dem. Rep. of",2016/17,464.5497,314.5497
1497,Liberia,2016/17,12.0867,7.0867
1498,Mexico,2016/17,3780.715,1420.715
1499,Nepal,2016/17,1.4328,1.4328
1500,Nicaragua,2016/17,2574.74,2358.012
1501,Nigeria,2016/17,43.3182,3.3182
1502,Panama,2016/17,120.1902,53.1902
1503,Sierra Leone,2016/17,37.9217,32.9217
1504,Sri Lanka,2016/17,36.7161,1.7161
1505,Thailand,2016/17,537.5435,0.0
1506,Togo,2016/17,21.9932,21.7392
1507,Trinidad & Tobago,2016/17,11.7911,1.7911
1508,Uganda,2016/17,4962.157999999999,4722.157999999999
1509,Venezuela,2016/17,525.0,0.0
1510,Vietnam,2016/17,25540.2932,23140.2932
1511,Yemen,2016/17,173.4533,43.4533
1512,Angola,2017/18,35.006,5.006
1513,Bolivia,2017/18,85.3112,25.3112
1514,Brazil,2017/18,51000.1728,29003.1728
1515,Burundi,2017/18,175.8033,173.8033
1516,Ecuador,2017/18,623.5744,468.5744
1517,Indonesia,2017/18,10902.3153,6202.3153
1518,Madagascar,2017/18,406.6854,56.6854
1519,Malawi,2017/18,11.7396,10.7396
1520,Papua New Guinea,2017/18,733.9382,731.9382
1521,Paraguay,2017/18,20.0024,0.0024
1522,Peru,2017/18,4279.6122,4029.6122
1523,Rwanda,2017/18,244.5804,243.5804
1524,Timor-Leste,2017/18,73.2951,72.8051
1525,Zimbabwe,2017/18,6.3854,2.3854
1526,"Congo, Rep. of",2017/18,3.0,0.0
1527,Cuba,2017/18,100.0,0.0
1528,Dominican Republic,2017/18,400.0,10.0
1529,Haiti,2017/18,340.0,0.0
1530,Philippines,2017/18,200.0,0.0
1531,Tanzania,2017/18,750.0,658.3330000000001
1532,Zambia,2017/18,12.0,12.0
1533,Benin,2017/18,0.0,0.0
1534,Cameroon,2017/18,375.0,297.0
1535,Central African Republic,2017/18,50.0,30.0
1536,Colombia,2017/18,14000.0,12200.0
1537,"Congo, Dem. Rep. of",2017/18,335.0,135.0
1538,Costa Rica,2017/18,1560.4389999999999,1207.105
1539,Côte d'Ivoire,2017/18,1300.0,983.0
1540,El Salvador,2017/18,740.0,440.0
1541,Equatorial Guinea,2017/18,0.0,0.0
1542,Ethiopia,2017/18,7650.0,3900.0
1543,Gabon,2017/18,0.5,0.0
1544,Ghana,2017/18,16.0,14.0
1545,Guatemala,2017/18,3800.0,3405.0
1546,Guinea,2017/18,215.0,165.0
1547,Guyana,2017/18,10.0,1.0
1548,Honduras,2017/18,8349.0,7974.0
1549,India,2017/18,5840.0,3490.0
1550,Jamaica,2017/18,17.0,8.0
1551,Kenya,2017/18,790.0,740.0
1552,"Lao, People's Dem. Rep. of",2017/18,475.0,325.0
1553,Liberia,2017/18,12.0,7.0
1554,Mexico,2017/18,4000.0,1600.0
1555,Nepal,2017/18,2.0,2.0
1556,Nicaragua,2017/18,2500.0,2282.0
1557,Nigeria,2017/18,42.0,2.0
1558,Panama,2017/18,106.0,39.0
1559,Sierra Leone,2017/18,43.0,38.0
1560,Sri Lanka,2017/18,37.0,2.0
1561,Thailand,2017/18,500.0,0.0
1562,Togo,2017/18,55.0,54.746
1563,Trinidad & Tobago,2017/18,12.0,2.0
1564,Uganda,2017/18,5100.0,4855.2
1565,Venezuela,2017/18,550.0,0.0
1566,Vietnam,2017/18,29500.0,27000.0
1567,Yemen,2017/18,175.0,45.0
